{"cameraMode":{"drawMode":0,"name":"Shaded","section":"Shading Mode"},"sceneLighting":false,"audioPlay":false,"sceneViewState":{"showFog":true,"showMaterialUpdate":false,"showSkybox":true,"showFlares":true,"showImageEffects":true,"showParticleSystems":true},"in2DMode":false,"pivot":{"x":-18.926698684692384,"y":27.705907821655275,"z":0.09669334441423416},"rotation":{"x":-0.013042465783655644,"y":-0.023288773372769357,"z":0.00029008896672166884,"w":-0.9996824860572815},"size":25.06084442138672,"orthographic":false}