{"cameraMode":{"drawMode":0,"name":"Shaded","section":"Shading Mode"},"sceneLighting":false,"audioPlay":false,"sceneViewState":{"showFog":true,"showMaterialUpdate":false,"showSkybox":false,"showFlares":true,"showImageEffects":true,"showParticleSystems":true},"in2DMode":false,"pivot":{"x":1.2945636510849,"y":9.830832481384278,"z":0.00004120171070098877},"rotation":{"x":-0.1058412417769432,"y":-0.011225175112485886,"z":0.0011894982308149338,"w":-0.9943314790725708},"size":1.1386704444885255,"orthographic":false}