{"cameraMode":{"drawMode":0,"name":"Shaded","section":"Shading Mode"},"sceneLighting":false,"audioPlay":false,"sceneViewState":{"showFog":true,"showMaterialUpdate":false,"showSkybox":false,"showFlares":true,"showImageEffects":true,"showParticleSystems":true},"in2DMode":false,"pivot":{"x":1.0857656002044678,"y":19.090831756591798,"z":0.00004120171070098877},"rotation":{"x":-0.14455845952033997,"y":-0.13980165123939515,"z":0.020630529150366784,"w":-0.9793652296066284},"size":1.1386704444885255,"orthographic":false}