{"cameraMode":{"drawMode":0,"name":"Shaded","section":"Shading Mode"},"sceneLighting":false,"audioPlay":false,"sceneViewState":{"showFog":true,"showMaterialUpdate":false,"showSkybox":false,"showFlares":true,"showImageEffects":true,"showParticleSystems":true},"in2DMode":false,"pivot":{"x":0.9268406629562378,"y":17.479999542236329,"z":0.0},"rotation":{"x":-0.16676734387874604,"y":0.0036530187353491785,"z":-0.0006390416529029608,"w":-0.9860252141952515},"size":0.8855300545692444,"orthographic":false}